{"cameraMode":{"drawMode":0,"name":"Shaded","section":"Shading Mode"},"sceneLighting":false,"audioPlay":false,"sceneViewState":{"showFog":true,"showMaterialUpdate":false,"showSkybox":false,"showFlares":true,"showImageEffects":true,"showParticleSystems":true},"in2DMode":false,"pivot":{"x":0.020808003842830659,"y":-0.029272854328155519,"z":-0.05462626367807388},"rotation":{"x":-0.046218108385801318,"y":-0.9284634590148926,"z":0.12356501072645188,"w":-0.3472444415092468},"size":0.14955325424671174,"orthographic":false}